{"cameraMode":{"drawMode":0,"name":"Shaded","section":"Shading Mode"},"sceneLighting":true,"audioPlay":false,"sceneViewState":{"m_AlwaysRefresh":false,"showFog":true,"showSkybox":true,"showFlares":true,"showImageEffects":true,"showParticleSystems":true,"showVisualEffectGraphs":true,"m_FxEnabled":true},"in2DMode":false,"pivot":{"x":288.8457946777344,"y":33.296085357666019,"z":11.464678764343262},"rotation":{"x":0.02808127924799919,"y":-0.6224716305732727,"z":0.022527163848280908,"w":0.7821725010871887},"size":2.214707612991333,"orthographic":true}