{"cameraMode":{"drawMode":0,"name":"Shaded","section":"Shading Mode"},"sceneLighting":true,"audioPlay":false,"sceneViewState":{"m_AlwaysRefresh":false,"showFog":true,"showSkybox":true,"showFlares":true,"showImageEffects":true,"showParticleSystems":true,"showVisualEffectGraphs":true,"m_FxEnabled":true},"in2DMode":false,"pivot":{"x":292.0807800292969,"y":34.281925201416019,"z":14.29427433013916},"rotation":{"x":-0.0009344384889118373,"y":-0.9827766418457031,"z":0.18645690381526948,"w":-0.0019079067278653384},"size":2.613105297088623,"orthographic":true}