{"cameraMode":{"drawMode":0,"name":"Shaded","section":"Shading Mode"},"sceneLighting":true,"audioPlay":false,"sceneViewState":{"m_AlwaysRefresh":false,"showFog":true,"showSkybox":true,"showFlares":true,"showImageEffects":true,"showParticleSystems":true,"showVisualEffectGraphs":true,"m_FxEnabled":true},"in2DMode":false,"pivot":{"x":8.709921836853028,"y":48.66281509399414,"z":60.858551025390628},"rotation":{"x":0.07105472683906555,"y":0.8953983783721924,"z":-0.4115273952484131,"w":0.15460897982120515},"size":0.36644548177719118,"orthographic":false}