{"cameraMode":{"drawMode":0,"name":"Shaded","section":"Shading Mode"},"sceneLighting":true,"audioPlay":false,"sceneViewState":{"m_AlwaysRefresh":false,"showFog":true,"showSkybox":true,"showFlares":true,"showImageEffects":true,"showParticleSystems":true,"showVisualEffectGraphs":true,"m_FxEnabled":true},"in2DMode":false,"pivot":{"x":86.44200897216797,"y":133.0376434326172,"z":146.86270141601563},"rotation":{"x":0.05538200959563255,"y":0.08000733703374863,"z":-0.0035436602775007488,"w":0.9955852627754211},"size":9.19318675994873,"orthographic":false}